Forward,Speed
-12,5
-12,63
-12,65
-11,90
-11,90
-10,88
-9,87
-5,79
-6,82
-8,103
-8,103
-10,103
-10,103
-10,103
-10,103
-12,103
-12,103
-12,103
-13,103
-45,108
-45,108
-79,112
-80,112
-81,113
-81,113
-78,113
-76,112
-81,113
-81,113
-172,121
-176,121
-156,122
-154,122
38,130
40,131
122,132
123,132
155,127
155,127
137,131
137,131
163,125
162,125
140,130
137,131
-53,145
-55,145
-146,129
-152,127
-199,117
-203,116
-218,112
-221,112
-214,96
-212,95
-157,67
-152,64
-155,66
-27,38
-193,95
-194,96
-221,98
-221,98
-183,87
-179,86
-163,81
-162,80
-104,57
-104,57
-102,55
-102,55
-113,61
-116,62
-178,85
-183,87
-251,105
-251,105
-231,100
-228,100
-228,100
-228,100
-228,100
-226,99
-226,99
-225,99
-205,94
57,-29
59,-31
65,-34
131,-68
130,-68
124,-65
123,-65
122,-64
122,-64
122,-64
122,-64
163,-81
167,-82
186,-88
-30,14
-204,93
-203,93
-133,132
-130,132
14,128
15,130
13,135
15,135
144,130
146,129
152,128
153,127
181,121
181,121
191,118
191,118
195,118
199,117
216,113
216,113
107,137
75,143
-189,120
-187,120
-248,107
-248,106
-251,105
-251,105
-240,102
-27,53
-127,133
-128,133
-130,132
-131,132
-123,134
-119,134
34,148
48,147
89,141
91,140
124,134
124,133
11,149
3,149
-94,140
-99,138
-131,132
-130,132
-116,135
-116,135
-93,140
-92,140
-27,148
-25,148
-64,144
-62,144
-61,145
-61,145
-60,145
-59,145
-56,145
-55,145
0,149
0,149
52,146
49,146
36,148
41,64
44,64
-69,51
-187,81
-189,84
-137,71
-134,70
-130,68
-130,68
-130,68
-128,67
-125,66
-124,65
-124,65
32,-58
99,-72
129,-77
216,-97
214,-96
214,-96
-65,27
-67,28
-71,55
-110,84
-128,97
-171,123
-171,123
-171,123
-172,123
-242,108
-240,108
-201,117
-199,117
-191,118
-191,119
-191,119
-189,120
9,149
9,149
-5,149
-109,102
-89,141
-87,141
-62,144
-58,145
-29,148
0,69
-11,124
-10,128
31,148
31,148
54,145
56,145
62,144
62,144
52,146
52,146
5,149
3,149
58,145
59,145
52,146
48,147
71,143
73,143
31,148
32,148
122,134
120,134
37,147
36,148
5,149
5,149
3,149
3,149
-60,145
-83,141
-226,111
-228,111
-239,102
-237,102
-237,102
-237,102
-240,108
-223,111
-5,149
-2,149
61,145
64,144
109,137
22,32
105,55
105,55
130,68
130,68
150,76
150,76
162,80
160,80
146,74
96,50
94,52
94,52
94,52
-68,-62
-75,-64
-90,-67
-174,-84
-174,-84
-167,-82
-167,-82
-167,-82
12,67
55,133
56,137
20,147
20,147
37,147
38,147
38,147
-46,28
-23,97
-23,98
-6,101
-5,102
-6,104
-6,103
-3,102
-5,102
-72,102
-76,102
-85,102
-87,102
-107,100
-108,99
-124,97
-122,97
-85,99
-76,100
12,114
12,114
21,114
22,114
16,115
16,115
-7,115
-11,117
-4,123
-5,123
-5,123
-6,123
-15,123
-16,124
-16,124
-17,124
-130,130
-136,128
-52,134
-45,135
-5,138
-5,138
155,127
157,127
163,125
165,124
187,120
187,120
181,121
19,47
23,104
24,104
24,107
25,107
45,110
45,110
46,111
45,111
28,118
27,118
23,118
23,118
-59,114
-68,112
17,128
17,129
-14,130
-14,130
-13,130
-13,130
-13,130
-16,130
-16,130
-38,84
-200,112
-204,112
-219,112
58,57
174,84
174,84
157,78
155,78
152,77
152,77
150,76
149,75
149,75
149,75
143,73
-39,-49
-133,-63
-135,-64
-153,-77
-152,-77
-141,-72
-140,-72
-140,-72
-141,-72
106,60
117,70
237,108
133,93
223,111
221,112
237,102
236,101
199,92
197,91
191,90
191,90
189,89
189,89
186,88
185,88
174,84
174,84
174,84
174,84
172,84
171,83
167,82
165,81
165,81
163,81
155,78
-6,3
-118,-60
-125,-63
-207,-94
-205,-94
-199,-92
-199,-92
-199,-92
91,45
209,90
216,92
233,110
47,29
47,29
85,58
-15,85
-4,92
-41,115
-41,116
-101,104
-103,104
-144,93
-152,92
-203,84
-202,84
-190,82
-187,82
-143,71
-143,71
-174,83
-179,85
-202,91
-198,91
-193,90
-195,91
-140,72
-138,71
-119,63
-119,63
-112,60
-111,60
-107,58
-105,57
-101,55
-99,54
-93,51
-92,51
-89,50
-91,50
-94,52
23,-47
203,-85
201,-85
168,-82
168,-82
155,-78
155,-78
152,-77
152,-77
152,-77
150,-76
149,-75
152,-77
158,-79
-55,-30
-212,-95
-212,-95
-250,-105
26,12
-90,-47
-93,-48
-141,-71
-140,-71
-85,-47
-86,-48
-155,-78
-163,-81
-181,-87
-8,13
-181,87
-181,87
-174,84
24,-12
23,-12
-14,12
-120,56
-133,62
-162,80
-160,80
-150,76
-14,65
-77,113
-84,117
-162,125
25,-82
57,-111
63,-116
169,-124
170,-124
176,-122
-59,60
-181,121
-183,121
-210,114
-212,114
-212,114
-212,114
-221,112
-221,112
-246,107
0,-32
0,-32
42,-75
207,-115
210,-114
233,-110
233,-110
231,-110
-56,67
-74,143
-73,143
-136,131
-138,131
-144,130
-144,130
-165,125
-165,124
-78,142
-77,142
-32,148
-32,148
-26,148
-23,148
83,141
88,141
111,137
113,136
140,130
137,131
81,142
82,142
49,146
48,147
29,148
24,148
9,149
9,149
-7,149
-13,149
-143,130
-143,130
-160,125
-162,125
-165,124
-152,127
24,148
25,148
91,140
93,140
138,131
138,131
0,149
1,149
141,130
140,130
61,145
60,145
-119,135
-122,134
-104,138
-104,138
-102,138
-102,138
-128,132
-130,132
-158,126
-160,125
-199,117
-203,116
-207,115
-48,52
-204,93
-202,93
-169,82
-169,82
-189,89
-191,90
-189,89
27,-15
194,-87
201,-90
181,-87
181,-87
181,-87
-49,38
-185,88
-185,88
-157,78
-157,78
-150,76
-146,74
-146,74
5,2
52,-30
53,-30
120,-64
122,-64
228,-100
231,-100
237,-102
236,-101
212,-95
210,-95
210,-95
-65,57
-18,84
-14,87
86,117
83,118
203,110
208,110
233,101
231,100
216,97
87,54
85,52
26,38
26,38
109,-65
105,-137
103,-138
99,-138
-27,-42
-212,-113
-214,-113
-233,-110
-93,-58
-175,-90
-196,-95
-218,-97
-218,-97
-216,-97
-1,35
101,114
110,115
204,115
203,116
82,142
74,143
-19,148
-18,148
-64,144
-64,144
-22,148
-15,149
-109,137
-101,138
-89,140
-2,47
-23,91
-23,91
-34,90
-28,90
21,98
20,98
19,103
19,103
23,103
23,103
25,111
25,113
35,129
35,130
27,108
27,108
27,100
27,98
30,79
30,80
-43,108
-47,108
-120,110
-121,110
-120,104
-115,103
8,96
7,96
3,97
3,97
4,98
4,98
13,98
12,98
11,98
12,98
0,105
0,105
2,105
4,105
19,105
21,105
25,107
27,107
38,110
37,110
11,113
7,113
1,114
0,114
1,114
2,114
-26,120
-26,120
-4,124
-4,124
-7,124
-8,124
-8,124
-9,124
-50,130
-49,130
-13,127
-13,127
-30,130
-29,130
-25,130
-24,130
-22,130
-21,130
-21,130
23,13
28,45
27,45
25,45
-27,30
-17,99
-14,114
-34,95
-33,95
-12,95
-12,95
-4,95
-3,95
0,95
-1,95
-39,97
-40,97
-40,97
-40,97
-45,98
-44,98
-43,98
-41,98
-41,98
-43,98
-77,101
-78,102
-74,112
-74,113
-135,104
-133,104
-100,104
-96,104
-45,110
-42,110
91,121
91,121
85,123
85,123
153,98
153,99
147,100
144,101
-31,128
-48,127
-65,121
-65,121
-68,121
-70,121
-78,119
-78,119
-56,114
-54,114
-21,114
-21,114
-21,114
-21,114
-21,114
-74,74
-80,122
-81,123
-181,121
-178,121
-174,122
-178,122
-246,104
-248,104
-237,102
-239,102
-243,103
-240,102
-221,98
-220,98
-231,100
-233,101
-254,105
-251,105
-251,105
-250,105
-250,105
-248,106
-228,111
-223,111
-144,130
-141,130
-67,144
-64,144
7,149
9,149
52,146
54,145
181,121
186,120
236,101
233,101
236,101
100,83
165,94
201,97
181,87
183,87
185,88
-13,63
-1,82
0,84
0,91
-20,67
-24,111
-24,111
-24,111
-26,111
-74,112
-76,113
-69,115
-69,115
-63,117
-64,117
-32,118
-30,118
-15,118
-15,118
-15,118
-15,118
-12,120
-11,120
-4,120
-2,120
3,122
3,122
40,125
43,125
217,96
221,96
217,94
217,94
207,92
207,92
221,97
219,97
199,92
199,92
228,99
226,98
226,98
227,98
216,108
216,108
226,107
226,107
216,97
216,97
169,82
167,82
144,74
143,73
130,68
128,67
167,82
174,84
167,82
167,82
212,95
212,95
205,94
205,94
231,100
233,101
221,98
221,98
223,98
-2,3
-124,-57
-128,-58
-167,-77
-168,-78
-217,-94
-217,-94
-212,-95
-210,-95
-209,-94
-2,47
4,80
3,85
0,101
1,101
19,105
19,105
47,104
49,104
49,106
50,106
57,107
55,107
54,106
-2,55
25,92
30,100
41,122
42,122
42,122
42,122
0,121
0,121
10,125
10,125
11,125
10,125
6,128
4,128
-3,128
-4,128
-18,127
-21,127
-29,127
-30,125
-38,122
-37,122
-18,124
-16,124
-66,119
-68,119
-50,124
-52,123
-138,111
-138,112
-92,118
75,51
145,65
148,67
83,98
85,98
99,103
96,103
43,110
45,110
17,112
10,113
-31,118
-2,37
-2,37
5,45
-37,84
-41,87
-150,95
-161,94
-228,99
-228,100
-239,105
-215,106
-14,123
-9,124
79,123
80,122
147,112
149,112
224,104
223,105
4,137
5,137
76,131
77,131
69,132
68,132
-55,145
-70,144
-136,124
-129,124
-154,125
-162,124
-251,105
-251,105
-93,118
-94,118
-102,117
-3,20
-16,70
-15,71
17,80
19,80
81,85
82,85
121,81
121,81
165,78
167,78
160,90
163,90
210,88
214,90
197,88
196,88
212,94
212,94
215,94
217,94
217,94
217,94
217,94
217,94
217,94
217,94
207,94
208,94
208,94
208,94
209,94
209,94
211,94
210,94
210,94
211,94
211,93
-4,47
-144,85
-150,86
-139,70
-137,70
-55,31
-54,31
-98,52
-98,52
-101,54
-101,54
-171,82
-171,82
-182,85
-183,85
-195,87
-196,87
-196,87
64,101
114,109
124,111
231,100
228,100
207,94
205,94
205,94
7,-24
-15,-27
-38,-30
-125,-64
-126,-65
-134,-70
-134,-70
-134,-70
-134,-70
-134,-70
-134,-70
-134,-70
-136,-70
-136,-70
99,68
145,90
167,95
246,107
248,106
207,94
205,94
185,88
185,88
187,88
185,88
178,85
178,85
185,88
191,90
233,101
228,100
223,111
221,112
93,134
94,134
-11,123
-14,122
-80,107
-80,106
-214,89
-204,87
-141,71
-140,70
-95,52
-95,52
-83,47
-86,48
-142,113
-144,113
-201,105
-204,105
-174,110
11,41
-135,125
0,90
86,126
87,126
87,130
88,130
130,128
135,128
92,138
96,137
104,138
102,137
6,118
6,118
-15,128
-18,128
-96,124
-98,124
-150,124
-150,124
-153,124
-156,124
-183,121
-187,120
-187,120
-187,120
-120,134
-113,136
3,140
10,138
56,134
56,135
143,130
150,128
221,112
221,112
254,105
251,105
254,105
251,105
233,110
228,110
221,112
-17,72
-17,74
-17,75
-154,125
-164,124
-248,106
-248,107
-239,108
-237,108
-181,121
-178,122
-150,128
-149,128
-137,131
-137,131
-15,149
-13,149
64,144
67,144
104,138
103,138
134,132
137,131
231,100
225,99
218,97
9,23
14,21
-23,-12
-23,-12
-73,-48
-222,-100
-74,-37
-91,-45
-78,-40
-202,-84
-203,-85
-216,-91
-60,-29
-190,-80
-193,-81
-204,-86
119,53
171,80
172,80
224,97
90,77
84,101
85,102
6,121
4,120
34,130
34,130
-79,112
-107,63
-191,88
-191,88
-183,85
-101,52
-136,105
-135,107
-94,108
-94,109
-105,110
-103,110
18,122
18,122
37,123
38,123
100,114
101,114
167,99
-10,60
-9,64
-10,70
16,98
19,97
21,88
20,88
-16,103
-13,102
4,104
4,104
3,95
2,94
3,95
3,95
-13,98
-12,98
-11,107
-10,107
-10,107
-13,107
-71,120
-72,120
-154,111
-155,111
-168,105
-166,105
-142,105
-142,105
-126,114
-122,116
68,110
73,108
202,92
207,92
212,93
211,93
203,93
203,93
191,90
191,90
147,75
147,75
143,73
143,73
140,72
141,72
149,75
-33,-43
-241,-102
-246,-102
-216,-97
-214,-96
-214,-96
0,40
0,40
10,42
185,88
181,87
157,78
157,78
150,76
150,76
149,75
146,74
144,74
-6,3
-50,-24
-67,-31
-223,-98
-223,-98
-212,-95
-212,-95
-243,-107
-243,-107
-248,-106
1,50
10,91
10,93
-16,103
-16,103
-13,103
-13,103
-13,103
-13,103
-13,103
-13,103
-55,107
-48,108
-134,103
-132,103
-62,109
-58,108
-11,107
-1,107
168,97
170,97
148,99
153,99
233,98
233,98
80,122
76,123
-4,138
-3,138
-225,97
-220,95
-135,70
-135,70
-48,24
-74,57
-68,57
43,-38
94,-71
101,-77
149,-115
150,-115
176,-122
178,-122
178,-122
178,-122
174,-122
-2,-1
0,0
58,51
178,120
181,121
24,122
12,120
-115,61
-112,60
-103,53
-75,33
-171,95
-171,95
-168,95
-166,95
-129,95
-126,95
60,97
66,97
136,108
133,108
-80,112
-85,112
-88,112
-88,113
-159,109
-184,107
-172,84
-174,84
-49,122
-48,122
2,131
-2,131
25,132
29,131
109,123
113,122
66,124
60,125
34,137
36,137
96,131
103,130
100,132
95,132
41,142
39,142
8,147
8,147
8,147
8,146
7,144
-146,97
-237,108
-239,108
-216,97
-218,97
-107,137
-104,137
-102,138
-101,138
-56,145
-56,145
-56,145
-56,145
-56,145
-57,145
-63,144
148,107
233,110
223,112
239,108
240,108
240,108
240,108
236,109
233,110
233,110
233,110
221,112
-23,54
-18,79
-21,90
-40,122
-44,122
-71,122
-71,122
-122,115
-117,117
-62,122
-59,123
77,135
78,135
77,142
79,142
152,128
150,128
128,132
128,133
16,149
15,149
0,149
0,149
-74,143
-81,142
-243,107
-244,107
-236,101
-236,101
-221,98
56,144
58,144
81,60
81,60
181,94
236,101
236,101
239,108
248,106
223,98
-4,-21
-43,-51
-53,-56
-170,-124
-171,-123
-169,-124
-169,-124
-167,-124
8,28
95,60
96,61
163,74
164,74
176,81
178,81
184,84
186,85
186,85
186,85
190,87
190,87
191,88
191,88
194,89
194,89
194,89
194,89
185,108
175,111
121,122
122,122
132,122
133,122
3,141
0,141
23,141
23,141
16,141
-42,118
-74,142
-74,143
-2,81
-1,81
2,81
-12,68
-64,101
-68,102
-191,102
-197,101
-228,101
-230,101
-191,107
-176,110
-13,137
-11,138
84,138
85,138
134,132
136,131
191,119
138,115
138,115
121,120
169,120
172,120
216,113
-3,72
12,112
11,112
6,111
-27,68
-27,68
-31,71
-218,112
-218,112
-236,109
10,38
21,97
20,97
-16,100
-17,101
-140,111
-151,111
-210,95
-207,94
-203,93
-204,93
-185,88
-183,87
-183,87
-183,87
-185,88
-185,88
-185,88
-186,88
-186,88
-185,88
-189,89
-187,88
-201,92
-204,93
-218,97
-204,93
-204,93
54,-31
168,-77
168,-77
170,-78
170,-78
170,-78
168,-78
168,-78
166,-77
165,-77
0,24
-130,68
-128,67
-89,50
-91,50
-123,65
-124,65
-48,28
-49,28
-169,82
-170,83
-163,81
-160,80
-157,78
12,29
-30,57
-44,63
-169,82
-167,81
-147,74
-145,74
-160,80
-160,80
-160,80
-160,80
-162,80
-160,80
-162,80
-162,80
-162,80
-160,80
-160,80
-160,80
-174,84
-174,84
-174,84
-174,84
22,-30
30,-31
174,-84
174,-84
163,-81
163,-81
155,-78
157,-78
158,-79
8,33
-117,61
-115,61
-107,58
-107,58
-58,33
-56,32
-111,60
-109,59
-81,45
-79,44
-158,79
-157,78
-141,72
-141,72
-160,80
-160,80
-160,80
-160,80
-162,80
-162,80
-163,81
-163,81
-163,81
-165,81
-165,81
-167,82
-167,82
-167,82
-167,82
-163,81
-162,80
38,-18
169,-80
170,-81
166,-81
166,-81
165,-81
164,-80
164,-80
164,-80
164,-80
164,-80
164,-80
164,-81
164,-81
-13,58
-118,100
-132,103
-212,95
-210,95
-191,90
-191,90
-191,90
-191,90
-199,92
-199,92
-203,93
-203,93
-212,95
-212,95
-212,95
-212,95
-212,95
-212,95
-205,94
-205,94
-205,94
-205,94
-205,94
-205,94
-203,93
-204,93
-204,93
-204,93
-199,92
-199,92
-199,92
-199,92
-201,92
-203,93
-214,96
-214,96
-228,100
-228,100
-251,105
-251,105
-251,105
-250,105
-233,101
-231,100
-228,100
-228,100
-243,103
-243,103
-243,103
-243,103
-216,97
-216,97
-214,96
-214,96
-207,94
-207,94
-205,94
32,-42
52,-48
64,-53
169,-95
171,-95
181,-98
184,-98
186,-97
187,-96
188,-95
186,-95
183,-94
-21,61
-240,102
-239,102
-176,85
-176,85
-176,85
-178,85
-212,95
-212,95
-212,95
-212,95
-212,95
-214,96
-237,102
-239,102
-18,148
-19,148
-9,149
-7,149
40,147
47,147
63,144
62,144
152,127
155,127
233,110
239,108
50,146
50,146
55,145
54,145
58,145
58,145
58,145
58,145
52,146
50,146
9,149
9,149
-116,135
-119,135
-167,124
-167,124
-226,111
-228,111
-223,98
-221,98
-221,98
-33,72
-35,72
-58,72
-66,124
-66,124
-64,124
-64,125
-64,125
-64,125
-62,127
-62,127
-62,127
-63,127
-65,127
-45,21
-26,85
-25,85
11,71
15,70
29,65
29,65
29,65
29,65
79,64
82,64
161,68
162,68
156,85
156,85
135,92
135,92
5,113
5,114
-42,129
-45,129
-108,125
-106,125
-197,117
-197,118
-197,118
-199,117
-199,117
-70,120
-158,126
-162,125
-195,118
-55,123
-167,124
-165,124
-160,126
-158,126
-136,131
-138,131
-244,107
-246,107
-244,103
-246,104
-248,106
-248,107
-218,112
-216,113
-89,140
-83,141
0,149
-29,78
-29,78
-44,20
-44,20
-8,4
-9,4
-21,-43
-121,-81
-129,-82
-216,-90
-215,-90
-210,-90
-209,-90
-208,-90
10,45
169,82
163,81
127,67
127,67
117,62
117,62
104,57
104,57
103,56
102,55
138,71
143,73
165,81
165,81
157,78
-11,-54
-207,-94
-205,-94
-176,-85
-176,-85
-176,-85
-174,-84
-174,-84
-174,-84
-172,-84
10,28
129,69
132,70
165,72
165,72
136,88
124,91
123,94
125,94
119,98
122,98
123,98
125,98
172,92
173,92
160,96
154,97
2,131
0,132
-14,133
-16,134
-29,137
-27,137
-55,141
-55,141
-48,141
-47,141
-38,143
-38,143
-38,144
-39,144
-72,143
-72,143
-74,143
-72,143
-79,142
-81,142
-97,139
-98,139
-70,144
-69,144
-74,143
-73,143
1,148
4,148
5,149
-5,149
-9,149
-9,149
-11,149
-22,53
-21,70
-21,70
-21,75
-21,75
-21,75
-21,75
-62,91
-62,91
-122,89
-120,89
-74,92
-71,92
-31,92
-29,92
-2,92
1,92
46,94
47,94
60,99
62,99
21,111
23,111
34,111
35,111
49,111
47,111
-14,122
-14,122
-21,122
-20,122
-10,122
-10,122
-11,122
-11,122
-11,122
-11,122
-11,122
-12,123
-12,123
-12,123
-41,123
-45,123
-88,124
-87,124
-75,125
-74,125
-65,125
-63,125
-40,128
-40,128
-23,128
-22,128
29,128
29,128
35,131
36,131
38,132
37,132
38,133
38,134
7,143
6,143
-34,141
-32,141
-1,143
-1,143
0,143
0,144
-3,144
-3,144
-70,143
-74,143
-67,144
-67,144
-52,145
-52,146
-52,146
-50,146
-50,146
-52,146
-61,144
-57,101
-250,105
-250,105
-207,94
-207,94
-191,90
-193,90
-191,90
12,-35
79,-98
79,-98
79,-96
79,-95
-158,100
-170,102
-248,106
-248,106
-243,103
-243,103
-243,103
-243,103
-243,103
-240,102
-246,104
-244,103
-240,102
-240,102
-246,104
-246,104
-246,104
-244,103
-243,103
-240,102
-243,103
-239,102
-239,102
19,11
197,-88
214,-93
231,-110
233,-110
240,-108
-11,45
-244,107
-248,106
-239,102
-239,102
-221,98
-221,98
-233,101
-233,101
-237,102
-236,101
-233,101
-207,91
-223,112
20,9
42,-22
46,-24
119,-57
120,-57
120,-57
13,-25
85,-40
86,-41
147,-74
146,-74
195,-91
195,-91
193,-90
4,-7
-33,-18
-29,-17
-45,26
-60,34
-186,88
-191,90
-216,97
-216,97
-233,101
-231,100
-201,92
-199,92
-195,91
-195,91
-195,91
-195,91
-195,91
-195,91
-193,90
-195,91
-195,91
-195,91
-197,91
-197,91
-195,91
-195,91
-195,91
-195,91
-195,91
-195,91
-191,90
-14,-52
123,-124
126,-126
128,-133
-122,100
-246,107
-248,106
-251,105
-250,105
-221,112
-216,113
-197,118
-195,118
-146,129
-146,129
-125,133
-124,134
-33,148
-33,148
-47,147
-46,147
-34,148
-34,148
-34,148
-34,148
-26,148
-15,149
144,130
149,128
207,115
207,115
58,145
47,147
-59,145
-62,144
-77,142
-81,142
-163,125
-163,125
-143,130
-143,130
-136,131
-134,132
-130,132
-130,132
-109,137
-107,137
-6,149
-3,149
56,145
57,145
99,138
101,138
195,118
195,118
197,117
187,120
244,107
246,107
243,107
243,107
240,108
239,108
225,111
228,111
228,111
65,31
157,73
158,74
159,74
158,74
160,75
159,75
167,78
168,78
217,103
219,103
240,108
239,108
16,145
13,145
-94,140
-97,140
-115,135
-120,134
-122,134
-33,40
-33,40
-33,42
-158,126
-160,126
-157,127
-157,127
-167,124
-167,124
-179,121
-178,121
-171,123
-171,123
-163,125
-163,125
-99,138
-97,140
44,147
52,146
251,105
248,104
218,97
216,97
248,107
237,108
53,145
49,146
0,149
-1,149
-13,149
-84,100
-87,101
-79,112
-191,119
-16,52
-223,98
-223,98
-214,96
-216,97
-214,96
-214,96
-216,97
-216,97
-228,100
15,62
38,119
39,120
41,123
41,124
53,122
53,123
48,124
46,124
46,124
45,124
44,124
44,125
44,125
44,125
42,125
42,126
42,126
42,126
-77,135
-84,135
-228,111
-231,110
-240,108
34,37
68,58
69,58
76,63
76,64
77,65
77,66
15,103
15,103
15,104
16,104
37,104
38,104
48,107
49,107
55,108
55,108
49,111
49,111
48,111
49,111
61,111
62,111
125,107
131,105
199,90
195,88
138,71
140,72
140,72
141,72
150,76
-3,-35
-51,-52
-68,-58
-221,-95
-221,-95
-213,-95
-214,-95
-214,-95
10,62
62,100
66,103
143,109
153,108
171,83
171,83
163,81
165,81
221,98
218,97
178,85
178,85
147,75
146,74
144,74
146,74
152,77
-103,-45
-126,-58
-132,-61
-201,-92
-201,-92
-193,-90
18,77
130,130
137,131
216,113
216,113
236,109
236,109
233,110
233,110
210,114
205,115
187,120
187,120
23,148
15,149
-40,147
-35,148
-13,149
-13,149
-13,149
-13,149
-16,149
-16,149
-16,149
-17,148
-39,147
-40,147
-40,147
-40,147
-40,147
-40,147
-38,147
-40,147
-67,144
-67,144
-64,144
-64,144
-63,144
-63,144
-55,145
-53,146
-56,145
-59,145
-104,138
-103,138
-125,133
-46,147
-53,145
-54,145
-54,145
-54,145
-30,148
-29,148
-21,148
-19,148
72,143
77,142
99,138
10,70
10,70
-18,-35
-60,-45
-72,-48
-168,-72
-167,-72
-169,-74
-171,-74
-171,-74
20,38
66,131
66,131
117,128
125,127
143,130
143,130
137,131
134,131
18,147
17,147
-128,118
-131,117
-134,115
-80,74
-138,81
-135,86
-124,133
-128,133
-187,120
-191,119
-113,135
-103,138
3,148
2,148
0,149
0,149
29,148
77,70
236,109
242,108
102,80
56,117
104,130
111,132
74,143
73,143
67,144
68,144
60,145
62,145
58,145
56,145
-13,149
-16,149
-40,147
-36,148
-116,135
-119,135
-127,130
-140,131
-237,108
-80,84
-239,108
-240,108
-83,80
-101,82
-250,104
-248,104
-248,104
-246,104
-236,101
-236,101
-236,101
-231,100
-231,100
19,-10
195,-82
202,-85
232,-97
233,-97
233,-97
4,67
-3,83
-10,93
-44,147
-44,147
-42,147
-42,147
-41,147
-41,147
-40,147
-40,147
-64,144
-64,144
-119,134
-119,134
-119,134
-122,134
-58,145
-57,145
-16,149
-13,149
-1,149
-1,149
30,148
31,148
31,148
31,148
18,148
18,148
49,146
54,145
81,142
82,142
124,134
125,133
128,133
2,-31
-189,-84
-188,-84
-222,-92
-220,-92
-204,-93
-204,-93
-201,-92
-201,-92
-203,-93
-203,-93
-203,-93
1,11
1,11
87,61
107,68
120,73
163,81
160,80
137,71
136,70
136,70
137,71
174,84
174,84
176,85
176,85
167,82
167,82
163,81
163,81
169,82
172,84
218,112
212,114
246,107
244,107
72,143
68,144
74,143
73,143
44,147
40,147
-81,142
-86,141
-140,130
-143,130
-123,134
-46,72
-224,97
-229,97
-183,87
-181,87
-181,87
-66,50
-103,78
-132,89
-208,94
-205,94
-178,85
-178,85
-176,85
-178,85
-178,85
-178,85
-221,98
-223,98
-244,107
-237,108
-101,138
-99,138
-58,145
-56,145
40,147
43,147
124,133
128,132
155,127
149,128
44,80
105,102
217,112
216,113
178,122
-6,47
147,73
111,60
113,61
115,61
124,65
124,65
124,65
123,65
116,62
14,-34
-24,-53
-168,-89
-214,-102
-217,-104
-236,-109
-236,-109
-236,-109
13,7
14,8
78,36
99,50
106,53
202,92
203,93
229,97
228,97
195,91
193,90
178,85
178,85
143,73
140,72
116,62
117,62
124,65
124,65
248,106
250,105
236,101
233,101
223,98
221,98
204,93
134,70
134,70
134,70
130,68
-63,27
-66,28
-1,0
-1,0
-19,-49
-78,-69
-86,-72
-224,-95
-56,145
-52,146
-52,146
-52,146
243,101
104,115
102,115
144,111
47,96
167,106
173,106
142,108
28,98
-18,108
-21,110
-93,114
-95,114
-96,114
-12,61
-80,65
-88,65
-108,55
-166,74
-166,73
-135,95
-88,95
-77,96
-6,102
-3,102
38,100
44,100
221,96
224,96
239,99
233,100
159,110
157,110
164,108
162,108
-49,118
-48,118
-78,115
-92,114
-143,73
-137,71
-103,56
-29,39
-37,42
-37,42
-41,42
-87,61
-128,63
-125,62
-61,35
-28,-14
51,-105
52,-110
56,-127
56,-128
60,-132
-10,-48
-1,-44
-77,44
-149,62
-150,65
-163,75
-34,37
-85,47
-84,47
-52,30
-50,29
-13,8
-31,35
-167,77
-181,84
-119,63
-119,63
-137,71
-138,71
-104,57
-103,56
-85,47
-83,47
-57,32
-56,32
-41,24
-41,24
-52,30
-52,30
-55,31
0,-25
6,-28
11,-31
73,-131
73,-132
69,-144
67,-144
31,-148
33,-148
97,-139
97,-139
97,-139
27,-30
25,-26
20,-9
7,-4
-23,21
-56,62
-56,62
-67,74
-70,74
-153,80
-157,80
-159,77
-158,77
-102,55
-102,55
-87,48
-87,48
-79,44
-78,44
-78,44
-77,43
-77,43
-74,42
-69,39
-69,39
-55,31
-107,58
-92,51
-92,51
-107,58
-109,59
-147,75
-149,75
-179,86
-181,87
-191,90
-73,37
-119,53
-122,54
-95,64
-109,87
-85,87
-70,87
-50,82
-60,67
34,95
43,97
99,101
178,84
174,97
173,97
138,102
128,103
1,108
-2,108
-147,108
-150,108
-244,102
-240,102
-206,102
-210,102
-223,98
-228,100
-94,118
-92,119
6,117
11,117
102,102
104,104
149,100
151,100
206,89
206,89
176,85
174,84
199,92
191,90
185,87
190,88
34,113
29,114
-37,124
-36,124
-44,124
-46,124
-116,119
-128,118
-231,110
-233,109
-204,93
-203,93
-138,71
-137,71
-91,50
-89,50
-81,45
-64,30
-77,72
-80,72
-46,90
-41,90
60,93
59,93
45,98
-17,84
-17,101
-16,101
-22,102
-10,93
-6,92
-5,92
-11,97
-11,97
-20,101
-25,101
-139,94
-144,94
-212,88
-212,88
-126,91
-108,93
29,112
40,111
77,107
79,107
82,106
82,105
77,104
82,103
99,103
98,103
116,101
118,100
155,98
155,97
185,94
180,95
196,94
196,94
169,98
165,99
-46,124
-49,124
-109,122
-116,122
-191,111
-192,111
-135,112
-129,113
-27,125
-24,125
28,123
29,123
120,102
123,101
181,94
174,95
114,104
114,104
168,92
167,93
188,88
187,89
127,100
127,100
64,111
64,112
47,112
43,112
-23,118
-27,118
-103,104
-117,103
-152,75
-152,75
-104,57
-99,54
-93,51
-92,51
-18,11
-18,11
-18,11
-15,-38
-5,-87
-5,-88
3,-135
3,-135
0,-137
-8,4
-21,41
-21,42
-24,44
-13,13
-42,64
-49,64
-146,70
-145,70
-77,43
-77,43
-29,17
-28,16
-96,52
-107,58
-158,79
-162,80
-204,93
-204,93
-178,85
-176,85
-157,78
-155,78
-123,65
-122,64
-64,31
-55,27
0,-117
0,-118
0,-128
0,-128
0,-136
0,-137
0,-140
0,-140
0,-138
-6,4
-54,28
-67,33
-152,77
-152,77
-130,68
-128,67
-103,56
-102,55
-83,47
-83,47
-57,32
-54,31
-21,12
-18,11
-60,34
-64,37
-147,75
-146,74
-140,72
-14,-8
52,-108
57,-110
73,-132
75,-131
80,-141
81,-141
87,-141
-30,44
-177,116
-184,117
-216,97
-217,97
-216,97
-214,96
-228,100
-228,100
-226,99
-56,65
-138,84
-141,85
-201,100
10,18
15,24
15,25
34,45
37,45
74,41
71,41
38,39
77,58
76,61
76,62
-76,138
-86,138
-197,117
-201,117
-250,104
11,118
-40,127
-42,128
-70,140
-75,140
-79,140
-26,125
-25,126
-23,126
-18,127
-9,-149
-13,-149
-17,-54
-12,-91
-14,35
-6,58
-3,71
11,127
12,128
0,131
-12,17
-22,122
-12,28
-2,92
-2,92
8,94
12,94
23,105
23,105
42,108
48,108
72,114
71,114
15,129
3,149
21,148
26,148
78,142
78,142
74,143
74,143
55,145
56,145
62,144
62,144
61,145
60,145
16,149
13,149
-3,149
-5,149
-7,149
21,148
-15,149
-19,148
-48,147
-48,147
-46,147
-46,147
-40,147
-40,147
-34,148
-34,148
-31,148
-29,148
17,148
21,148
25,148
23,148
-11,149
-11,149
43,147
72,143
72,143
72,143
60,145
60,145
72,143
71,143
45,147
41,147
-4,149
-5,149
-40,147
-41,147
-36,148
-36,148
-31,148
-31,148
-31,148
-29,148
-29,148
-28,148
-28,148
-28,148
-27,148
-28,148
-31,148
-24,64
-248,106
-251,105
-248,104
-248,104
-248,104
-248,104
-248,104
-246,104
-239,102
-221,112
-187,120
-178,122
19,148
25,148
102,138
104,138
122,134
117,135
124,134
124,133
128,133
128,132
130,132
131,132
131,132
131,132
86,141
81,142
64,144
64,144
64,144
64,144
60,145
56,145
55,145
-11,51
-9,51
-36,85
-113,135
-116,135
-160,125
-165,124
-179,121
-179,121
-186,120
-185,120
28,148
32,148
63,144
68,144
-7,48
-10,48
-10,48
67,60
143,82
168,90
225,99
226,99
239,108
236,109
228,111
228,111
236,109
237,108
237,108
237,108
239,108
239,108
239,108
240,108
240,108
240,108
240,108
242,108
251,105
250,104
236,101
236,101
243,103
243,103
237,102
237,102
233,101
231,100
231,100
231,100
231,100
231,100
243,103
-20,-59
-73,-77
-88,-81
-191,-120
-187,-120
-183,-121
0,34
14,83
11,92
16,141
18,141
57,141
58,141
201,117
204,115
231,110
231,110
223,112
221,112
81,142
81,142
94,140
94,140
97,139
98,139
185,120
181,121
123,134
-27,90
-111,137
-112,136
-130,132
-128,133
-152,127
-152,127
-150,128
-149,128
-155,127
-3,56
2,118
3,119
3,123
2,123
2,124
2,124
2,124
2,124
-89,132
-85,133
-33,148
-33,148
-33,148
